order_id,placed_on,arrived_on
O0002,2026-04-13,2026-04-14
O0003,2026-04-27,2026-04-30
O0004,2026-04-19,2026-04-24
O0005,2026-04-07,2026-04-11
O0006,2026-04-14,2026-04-15
O0007,2026-04-18,2026-04-23
O0009,2026-04-21,2026-04-22
O0010,2026-04-19,2026-04-20
O0011,2026-04-08,2026-04-10
O0012,2026-04-10,2026-04-15
O0013,2026-04-04,2026-04-09
O0014,2026-04-27,2026-04-28
O0015,2026-04-19,2026-04-21
O0016,2026-04-12,2026-04-18
O0017,2026-04-03,2026-04-08
O0018,2026-04-07,2026-04-12
O0019,2026-04-14,2026-04-18
O0021,2026-04-12,2026-04-14
O0022,2026-04-23,2026-04-24
O0023,2026-04-19,2026-04-23
O0024,2026-04-11,2026-04-14
O0026,2026-04-04,2026-04-06
O0027,2026-04-25,2026-04-29
O0028,2026-04-14,2026-04-20
O0029,2026-04-03,2026-04-08
O0031,2026-04-11,2026-04-14
O0032,2026-04-20,2026-04-24
O0033,2026-04-03,2026-04-06
O0034,2026-04-16,2026-04-17
O0035,2026-04-02,2026-04-05
O0036,2026-04-21,2026-04-27
O0037,2026-04-27,2026-05-03
O0039,2026-04-12,2026-04-16
O0040,2026-04-12,2026-04-13
O0041,2026-04-16,2026-04-19
O0042,2026-04-05,2026-04-09
O0044,2026-04-16,2026-04-20
O0045,2026-04-13,2026-04-15
O0046,2026-04-27,2026-05-02
O0047,2026-04-09,2026-04-12
O0049,2026-04-08,2026-04-10
O0050,2026-04-05,2026-04-07
O0051,2026-04-01,2026-04-06
O0052,2026-04-06,2026-04-07
O0053,2026-04-05,2026-04-08
O0054,2026-04-20,2026-04-22
O0056,2026-04-20,2026-04-26
O0057,2026-04-02,2026-04-08
O0058,2026-04-26,2026-04-30
O0059,2026-04-13,2026-04-17
O0060,2026-04-21,2026-04-23
O0062,2026-04-15,2026-04-18
O0063,2026-04-20,2026-04-21
O0064,2026-04-19,2026-04-20
O0065,2026-04-12,2026-04-13
O0066,2026-04-28,2026-05-02
O0067,2026-04-05,2026-04-08
O0068,2026-04-20,2026-04-21
O0069,2026-04-04,2026-04-08
O0070,2026-04-16,2026-04-17
O0071,2026-04-05,2026-04-08
O0072,2026-04-24,2026-04-30
O0073,2026-04-06,2026-04-08
O0074,2026-04-17,2026-04-23
O0076,2026-04-25,2026-05-01
O0077,2026-04-28,2026-05-01
O0078,2026-04-17,2026-04-19
O0079,2026-04-12,2026-04-17
O0080,2026-04-18,2026-04-21
O0081,2026-04-21,2026-04-23
O0082,2026-04-26,2026-04-30
O0083,2026-04-24,2026-04-26
O0084,2026-04-17,2026-04-23
O0086,2026-04-26,2026-04-29
O0087,2026-04-07,2026-04-10
O0088,2026-04-15,2026-04-21
O0090,2026-04-12,2026-04-13
O0091,2026-04-08,2026-04-11
O0092,2026-04-07,2026-04-12
O0093,2026-04-27,2026-05-03
O0094,2026-04-12,2026-04-13
O0095,2026-04-27,2026-05-01
O0096,2026-04-26,2026-04-28
O0098,2026-04-14,2026-04-17
O0099,2026-04-03,2026-04-09
O0100,2026-04-13,2026-04-19
O0101,2026-04-03,2026-04-05
O0102,2026-04-05,2026-04-10
O0103,2026-04-15,2026-04-17
O0104,2026-04-20,2026-04-24
O0106,2026-04-05,2026-04-07
O0107,2026-04-01,2026-04-07
O0108,2026-04-21,2026-04-27
O0109,2026-04-05,2026-04-07
O0111,2026-04-01,2026-04-04
O0112,2026-04-17,2026-04-22
O0113,2026-04-11,2026-04-15
O0114,2026-04-27,2026-05-03
O0116,2026-04-22,2026-04-27
O0117,2026-04-14,2026-04-19
O0118,2026-04-05,2026-04-10
O0119,2026-04-17,2026-04-21
O0120,2026-04-25,2026-04-26
O0121,2026-04-25,2026-04-27
O0122,2026-04-05,2026-04-11
O0123,2026-04-04,2026-04-07
O0124,2026-04-22,2026-04-27
O0125,2026-04-16,2026-04-17
O0126,2026-04-18,2026-04-20
O0127,2026-04-09,2026-04-10
O0128,2026-04-17,2026-04-18
O0130,2026-04-03,2026-04-08
O0131,2026-04-17,2026-04-19
O0132,2026-04-23,2026-04-28
O0133,2026-04-18,2026-04-23
O0134,2026-04-08,2026-04-11
O0136,2026-04-07,2026-04-09
O0137,2026-04-14,2026-04-18
O0138,2026-04-11,2026-04-13
O0139,2026-04-14,2026-04-20
O0140,2026-04-10,2026-04-12
O0141,2026-04-23,2026-04-26
O0142,2026-04-05,2026-04-07
O0143,2026-04-15,2026-04-16
O0146,2026-04-27,2026-05-03
O0148,2026-04-13,2026-04-15
O0149,2026-04-12,2026-04-18
O0150,2026-04-12,2026-04-17
O0151,2026-04-15,2026-04-16
O0152,2026-04-13,2026-04-18
O0153,2026-04-10,2026-04-11
O0155,2026-04-26,2026-04-27
O0156,2026-04-03,2026-04-04
O0157,2026-04-25,2026-04-27
O0158,2026-04-27,2026-05-03
O0160,2026-04-13,2026-04-18
O0161,2026-04-19,2026-04-22
O0162,2026-04-03,2026-04-09
O0163,2026-04-06,2026-04-07
O0165,2026-04-21,2026-04-24
O0166,2026-04-03,2026-04-05
O0167,2026-04-03,2026-04-04
O0168,2026-04-15,2026-04-20
O0170,2026-04-09,2026-04-10
O0171,2026-04-17,2026-04-18
O0172,2026-04-06,2026-04-08
O0174,2026-04-21,2026-04-23
O0175,2026-04-10,2026-04-16
O0176,2026-04-06,2026-04-07
O0177,2026-04-09,2026-04-10
O0178,2026-04-24,2026-04-26
O0179,2026-04-17,2026-04-21
O0180,2026-04-04,2026-04-10
O0181,2026-04-14,2026-04-19
O0183,2026-04-17,2026-04-19
O0184,2026-04-08,2026-04-14
O0185,2026-04-24,2026-04-28
O0187,2026-04-27,2026-04-28
O0188,2026-04-21,2026-04-24
O0189,2026-04-14,2026-04-15
O0190,2026-04-22,2026-04-27
O0192,2026-04-20,2026-04-23
O0193,2026-04-02,2026-04-04
O0194,2026-04-09,2026-04-12
O0196,2026-04-18,2026-04-19
O0197,2026-04-10,2026-04-12
O0198,2026-04-01,2026-04-02
O0199,2026-04-16,2026-04-22
O0200,2026-04-07,2026-04-08
