order_id,placed_on
O0001,2026-04-11
O0002,2026-04-13
O0003,2026-04-27
O0004,2026-04-19
O0005,2026-04-07
O0006,2026-04-14
O0007,2026-04-18
O0008,2026-04-04
O0009,2026-04-21
O0010,2026-04-19
O0011,2026-04-08
O0012,2026-04-10
O0013,2026-04-04
O0014,2026-04-27
O0015,2026-04-19
O0016,2026-04-12
O0017,2026-04-03
O0018,2026-04-07
O0019,2026-04-14
O0020,2026-04-19
O0021,2026-04-12
O0022,2026-04-23
O0023,2026-04-19
O0024,2026-04-11
O0025,2026-04-20
O0026,2026-04-04
O0027,2026-04-25
O0028,2026-04-14
O0029,2026-04-03
O0030,2026-04-26
O0031,2026-04-11
O0032,2026-04-20
O0033,2026-04-03
O0034,2026-04-16
O0035,2026-04-02
O0036,2026-04-21
O0037,2026-04-27
O0038,2026-04-13
O0039,2026-04-12
O0040,2026-04-12
O0041,2026-04-16
O0042,2026-04-05
O0043,2026-04-13
O0044,2026-04-16
O0045,2026-04-13
O0046,2026-04-27
O0047,2026-04-09
O0048,2026-04-22
O0049,2026-04-08
O0050,2026-04-05
O0051,2026-04-01
O0052,2026-04-06
O0053,2026-04-05
O0054,2026-04-20
O0055,2026-04-23
O0056,2026-04-20
O0057,2026-04-02
O0058,2026-04-26
O0059,2026-04-13
O0060,2026-04-21
O0061,2026-04-03
O0062,2026-04-15
O0063,2026-04-20
O0064,2026-04-19
O0065,2026-04-12
O0066,2026-04-28
O0067,2026-04-05
O0068,2026-04-20
O0069,2026-04-04
O0070,2026-04-16
O0071,2026-04-05
O0072,2026-04-24
O0073,2026-04-06
O0074,2026-04-17
O0075,2026-04-18
O0076,2026-04-25
O0077,2026-04-28
O0078,2026-04-17
O0079,2026-04-12
O0080,2026-04-18
O0081,2026-04-21
O0082,2026-04-26
O0083,2026-04-24
O0084,2026-04-17
O0085,2026-04-01
O0086,2026-04-26
O0087,2026-04-07
O0088,2026-04-15
O0089,2026-04-12
O0090,2026-04-12
O0091,2026-04-08
O0092,2026-04-07
O0093,2026-04-27
O0094,2026-04-12
O0095,2026-04-27
O0096,2026-04-26
O0097,2026-04-16
O0098,2026-04-14
O0099,2026-04-03
O0100,2026-04-13
O0101,2026-04-03
O0102,2026-04-05
O0103,2026-04-15
O0104,2026-04-20
O0105,2026-04-22
O0106,2026-04-05
O0107,2026-04-01
O0108,2026-04-21
O0109,2026-04-05
O0110,2026-04-27
O0111,2026-04-01
O0112,2026-04-17
O0113,2026-04-11
O0114,2026-04-27
O0115,2026-04-12
O0116,2026-04-22
O0117,2026-04-14
O0118,2026-04-05
O0119,2026-04-17
O0120,2026-04-25
O0121,2026-04-25
O0122,2026-04-05
O0123,2026-04-04
O0124,2026-04-22
O0125,2026-04-16
O0126,2026-04-18
O0127,2026-04-09
O0128,2026-04-17
O0129,2026-04-25
O0130,2026-04-03
O0131,2026-04-17
O0132,2026-04-23
O0133,2026-04-18
O0134,2026-04-08
O0135,2026-04-18
O0136,2026-04-07
O0137,2026-04-14
O0138,2026-04-11
O0139,2026-04-14
O0140,2026-04-10
O0141,2026-04-23
O0142,2026-04-05
O0143,2026-04-15
O0144,2026-04-13
O0145,2026-04-06
O0146,2026-04-27
O0147,2026-04-14
O0148,2026-04-13
O0149,2026-04-12
O0150,2026-04-12
O0151,2026-04-15
O0152,2026-04-13
O0153,2026-04-10
O0154,2026-04-04
O0155,2026-04-26
O0156,2026-04-03
O0157,2026-04-25
O0158,2026-04-27
O0159,2026-04-27
O0160,2026-04-13
O0161,2026-04-19
O0162,2026-04-03
O0163,2026-04-06
O0164,2026-04-09
O0165,2026-04-21
O0166,2026-04-03
O0167,2026-04-03
O0168,2026-04-15
O0169,2026-04-14
O0170,2026-04-09
O0171,2026-04-17
O0172,2026-04-06
O0173,2026-04-07
O0174,2026-04-21
O0175,2026-04-10
O0176,2026-04-06
O0177,2026-04-09
O0178,2026-04-24
O0179,2026-04-17
O0180,2026-04-04
O0181,2026-04-14
O0182,2026-04-27
O0183,2026-04-17
O0184,2026-04-08
O0185,2026-04-24
O0186,2026-04-12
O0187,2026-04-27
O0188,2026-04-21
O0189,2026-04-14
O0190,2026-04-22
O0191,2026-04-22
O0192,2026-04-20
O0193,2026-04-02
O0194,2026-04-09
O0195,2026-04-12
O0196,2026-04-18
O0197,2026-04-10
O0198,2026-04-01
O0199,2026-04-16
O0200,2026-04-07
